{"stats":{"minecraft:killed":{"minecraft:cave_spider":5,"minecraft:witch":1,"minecraft:spider":43,"minecraft:slime":45,"minecraft:phantom":2,"minecraft:horse":7,"minecraft:skeleton":137,"minecraft:chicken":4,"minecraft:magma_cube":4,"minecraft:husk":22,"minecraft:pig":3,"minecraft:zombie_villager":2,"minecraft:salmon":15,"minecraft:bat":1,"minecraft:creeper":58,"minecraft:squid":6,"minecraft:sheep":19,"minecraft:pillager":1,"minecraft:zombie":117,"minecraft:ghast":4,"minecraft:enderman":15,"minecraft:cow":43},"minecraft:used":{"minecraft:iron_bars":77,"minecraft:iron_shovel":192,"minecraft:stone_sword":42,"minecraft:flint_and_steel":3,"minecraft:enchanting_table":1,"minecraft:stone_shovel":64,"minecraft:redstone":136,"minecraft:oak_sign":2,"minecraft:chest":54,"minecraft:stone":1,"minecraft:iron_sword":771,"minecraft:cooked_salmon":15,"minecraft:cooked_chicken":3,"minecraft:netherrack":262,"minecraft:torch":1501,"minecraft:brewing_stand":5,"minecraft:dirt":292,"minecraft:anvil":1,"minecraft:hopper":83,"minecraft:obsidian":10,"minecraft:carrot":1,"minecraft:lava_bucket":56,"minecraft:bookshelf":17,"minecraft:iron_axe":225,"minecraft:repeater":12,"minecraft:bow":21,"minecraft:beef":3,"minecraft:oak_sapling":314,"minecraft:furnace":40,"minecraft:egg":2,"minecraft:cooked_beef":77,"minecraft:cooked_mutton":29,"minecraft:water_bucket":187,"minecraft:diorite":115,"minecraft:iron_ore":2,"minecraft:cobblestone_stairs":106,"minecraft:stone_pickaxe":131,"minecraft:sugar_cane":71,"minecraft:diamond_axe":482,"minecraft:cobblestone_slab":61,"minecraft:stonecutter":2,"minecraft:sand":30,"minecraft:comparator":4,"minecraft:crafting_table":17,"minecraft:white_bed":5,"minecraft:smoker":7,"minecraft:sticky_piston":10,"minecraft:redstone_torch":21,"minecraft:oak_log":17,"minecraft:diamond_pickaxe":8458,"minecraft:diamond_shovel":514,"minecraft:iron_pickaxe":220,"minecraft:stone_button":18,"minecraft:string":1,"minecraft:bread":77,"minecraft:stone_axe":117,"minecraft:diamond_sword":549,"minecraft:cobblestone":1599,"minecraft:grindstone":2,"minecraft:cooked_porkchop":11,"minecraft:andesite":10,"minecraft:bucket":245,"minecraft:oak_boat":6},"minecraft:crafted":{"minecraft:oak_planks":1008,"minecraft:cobblestone_slab":42,"minecraft:stone_shovel":1,"minecraft:cooked_chicken":3,"minecraft:furnace":30,"minecraft:stone_button":5,"minecraft:piston":16,"minecraft:cobblestone_stairs":16,"minecraft:stone":64,"minecraft:diamond_shovel":1,"minecraft:bookshelf":17,"minecraft:flint_and_steel":1,"minecraft:cooked_mutton":7,"minecraft:iron_bars":160,"minecraft:quartz_block":120,"minecraft:hopper":40,"minecraft:diamond_leggings":1,"minecraft:repeater":4,"minecraft:diamond_helmet":1,"minecraft:bow":3,"minecraft:iron_boots":2,"minecraft:iron_axe":1,"minecraft:comparator":17,"minecraft:stone_pickaxe":1,"minecraft:chest":80,"minecraft:diamond_boots":1,"minecraft:redstone_block":64,"minecraft:wheat":333,"minecraft:cooked_beef":76,"minecraft:coal_block":128,"minecraft:diamond_sword":1,"minecraft:diamond_axe":1,"minecraft:crafting_table":13,"minecraft:enchanting_table":1,"minecraft:iron_helmet":3,"minecraft:iron_sword":2,"minecraft:cooked_salmon":15,"minecraft:sticky_piston":8,"minecraft:bucket":4,"minecraft:stone_axe":1,"minecraft:glowstone":64,"minecraft:bread":111,"minecraft:air":0,"minecraft:oak_boat":2,"minecraft:book":52,"minecraft:iron_chestplate":2,"minecraft:paper":186,"minecraft:diamond_pickaxe":3,"minecraft:stick":384,"minecraft:iron_ingot":259,"minecraft:iron_pickaxe":2,"minecraft:iron_block":3,"minecraft:stone_sword":1,"minecraft:iron_shovel":1,"minecraft:iron_leggings":2,"minecraft:anvil":1,"minecraft:white_bed":1,"minecraft:redstone_torch":88,"minecraft:torch":1352},"minecraft:dropped":{"minecraft:iron_ingot":5,"minecraft:bread":5,"minecraft:soul_sand":1,"minecraft:brown_mushroom":1,"minecraft:wheat_seeds":8,"minecraft:feather":1,"minecraft:cobblestone":150,"minecraft:granite":2,"minecraft:saddle":1,"minecraft:rail":4,"minecraft:coal":37,"minecraft:red_mushroom":1,"minecraft:flint":26,"minecraft:dirt":33,"minecraft:diorite":51,"minecraft:torch":1,"minecraft:music_disc_ward":1,"minecraft:iron_axe":1,"minecraft:sand":3,"minecraft:iron_pickaxe":1,"minecraft:iron_shovel":1,"minecraft:string":34,"minecraft:bucket":1,"minecraft:redstone":112,"minecraft:bone":30,"minecraft:gravel":10,"minecraft:sugar_cane":128,"minecraft:stone_shovel":1,"minecraft:chicken":2,"minecraft:rotten_flesh":51,"minecraft:oak_planks":1,"minecraft:smoker":1,"minecraft:white_bed":1,"minecraft:diamond_sword":3,"minecraft:rabbit_hide":1,"minecraft:gunpowder":3,"minecraft:diamond_pickaxe":2,"minecraft:andesite":21,"minecraft:oak_boat":1,"minecraft:acacia_sapling":5,"minecraft:redstone_torch":1,"minecraft:spider_eye":2,"minecraft:sandstone":3,"minecraft:bow":1,"minecraft:arrow":10},"minecraft:broken":{"minecraft:iron_boots":1,"minecraft:stone_pickaxe":1,"minecraft:stone_axe":1,"minecraft:iron_sword":1,"minecraft:iron_helmet":1},"minecraft:picked_up":{"minecraft:crafting_table":4,"minecraft:azure_bluet":1,"minecraft:chicken":5,"minecraft:brown_mushroom":2,"minecraft:diamond_sword":3,"minecraft:brewing_stand":5,"minecraft:string":124,"minecraft:sticky_piston":2,"minecraft:iron_shovel":1,"minecraft:oak_sign":2,"minecraft:cartography_table":6,"minecraft:comparator":2,"minecraft:bucket":1,"minecraft:poppy":2,"minecraft:beef":79,"minecraft:oak_boat":5,"minecraft:redstone_torch":16,"minecraft:cobblestone_slab":26,"minecraft:light_gray_wool":1,"minecraft:chest":14,"minecraft:sugar_cane":396,"minecraft:egg":7,"minecraft:phantom_membrane":1,"minecraft:furnace":28,"minecraft:stick":217,"minecraft:sandstone":8,"minecraft:torch":121,"minecraft:stone_button":13,"minecraft:diorite":358,"minecraft:carrot":3,"minecraft:redstone":1075,"minecraft:cactus":2,"minecraft:arrow":149,"minecraft:rotten_flesh":163,"minecraft:music_disc_ward":1,"minecraft:hay_block":55,"minecraft:white_wool":18,"minecraft:mutton":7,"minecraft:obsidian":52,"minecraft:iron_bars":5,"minecraft:bone_block":22,"minecraft:rail":4,"minecraft:cobblestone":5428,"minecraft:magma_block":59,"minecraft:feather":6,"minecraft:cooked_beef":1,"minecraft:repeater":8,"minecraft:magma_cream":1,"minecraft:salmon":15,"minecraft:andesite":166,"minecraft:leather":53,"minecraft:red_mushroom":1,"minecraft:smoker":11,"minecraft:potato":3,"minecraft:flint":34,"minecraft:oak_log":641,"minecraft:lily_pad":8,"minecraft:gunpowder":70,"minecraft:cobblestone_stairs":24,"minecraft:lapis_lazuli":656,"minecraft:dirt":627,"minecraft:cooked_mutton":22,"minecraft:bone":177,"minecraft:apple":29,"minecraft:bow":10,"minecraft:stonecutter":3,"minecraft:wheat_seeds":116,"minecraft:rabbit_hide":1,"minecraft:iron_ingot":3,"minecraft:grindstone":2,"minecraft:iron_ore":1520,"minecraft:glowstone_dust":290,"minecraft:oak_planks":50,"minecraft:soul_sand":65,"minecraft:ghast_tear":1,"minecraft:cooked_porkchop":11,"minecraft:quartz":649,"minecraft:gravel":165,"minecraft:sand":116,"minecraft:ink_sac":11,"minecraft:blast_furnace":1,"minecraft:white_bed":5,"minecraft:gold_ore":171,"minecraft:spider_eye":34,"minecraft:slime_ball":28,"minecraft:diamond":65,"minecraft:granite":212,"minecraft:bread":59,"minecraft:black_wool":1,"minecraft:oak_sapling":314,"minecraft:netherrack":390,"minecraft:melon_seeds":6,"minecraft:coal":1987,"minecraft:hopper":45,"minecraft:ender_pearl":11,"minecraft:diamond_pickaxe":2},"minecraft:mined":{"minecraft:diamond_ore":39,"minecraft:white_bed":4,"minecraft:oak_sapling":9,"minecraft:cobblestone_stairs":28,"minecraft:brewing_stand":5,"minecraft:obsidian":53,"minecraft:granite":132,"minecraft:stone_button":12,"minecraft:grass_block":372,"minecraft:redstone_wire":65,"minecraft:cartography_table":6,"minecraft:sandstone":9,"minecraft:oak_wall_sign":2,"minecraft:hopper":50,"minecraft:hay_block":56,"minecraft:redstone_ore":201,"minecraft:magma_block":59,"minecraft:glowstone":79,"minecraft:furnace":29,"minecraft:iron_ore":1537,"minecraft:sticky_piston":1,"minecraft:andesite":123,"minecraft:azure_bluet":1,"minecraft:cobblestone_slab":24,"minecraft:iron_bars":8,"minecraft:rail":1,"minecraft:stone":3445,"minecraft:bone_block":23,"minecraft:redstone_wall_torch":8,"minecraft:piston_head":1,"minecraft:soul_sand":64,"minecraft:comparator":2,"minecraft:melon_stem":5,"minecraft:smoker":11,"minecraft:crafting_table":4,"minecraft:torch":47,"minecraft:blast_furnace":1,"minecraft:chest":14,"minecraft:nether_quartz_ore":285,"minecraft:cobblestone":305,"minecraft:lapis_ore":78,"minecraft:lily_pad":8,"minecraft:grindstone":2,"minecraft:oak_planks":45,"minecraft:sugar_cane":202,"minecraft:wall_torch":35,"minecraft:diorite":310,"minecraft:seagrass":2,"minecraft:repeater":6,"minecraft:redstone_torch":5,"minecraft:wheat":45,"minecraft:grass":361,"minecraft:coal_ore":1396,"minecraft:oak_log":641,"minecraft:gravel":125,"minecraft:sand":45,"minecraft:dirt":149,"minecraft:cobweb":26,"minecraft:stonecutter":3,"minecraft:netherrack":383,"minecraft:gold_ore":171,"minecraft:oak_leaves":400},"minecraft:custom":{"minecraft:mob_kills":558,"minecraft:inspect_hopper":95,"minecraft:interact_with_crafting_table":99,"minecraft:leave_game":12,"minecraft:time_since_death":1033696,"minecraft:climb_one_cm":5958,"minecraft:sprint_one_cm":3173521,"minecraft:walk_one_cm":3793415,"minecraft:drop":129,"minecraft:talked_to_villager":4,"minecraft:sneak_time":71329,"minecraft:walk_under_water_one_cm":150221,"minecraft:boat_one_cm":315596,"minecraft:interact_with_brewingstand":6,"minecraft:jump":15671,"minecraft:interact_with_blast_furnace":1,"minecraft:walk_on_water_one_cm":145421,"minecraft:enchant_item":17,"minecraft:interact_with_furnace":362,"minecraft:interact_with_cartography_table":2,"minecraft:play_one_minute":1033696,"minecraft:interact_with_stonecutter":8,"minecraft:sleep_in_bed":5,"minecraft:time_since_rest":46144,"minecraft:damage_taken":8839,"minecraft:damage_dealt":90709,"minecraft:swim_one_cm":68795,"minecraft:fly_one_cm":2763479,"minecraft:open_chest":819,"minecraft:crouch_one_cm":246409,"minecraft:interact_with_smoker":22,"minecraft:fall_one_cm":390103}},"DataVersion":1976}