{"stats":{"minecraft:killed_by":{"minecraft:skeleton":4},"minecraft:killed":{"minecraft:spider":20,"minecraft:skeleton":22,"minecraft:chicken":1,"minecraft:husk":14,"minecraft:creeper":6,"minecraft:sheep":7,"minecraft:zombie":30,"minecraft:enderman":2},"minecraft:used":{"minecraft:stone_sword":135,"minecraft:stone_shovel":435,"minecraft:ladder":3,"minecraft:oak_sign":12,"minecraft:chest":17,"minecraft:iron_sword":261,"minecraft:cooked_salmon":1,"minecraft:stone_hoe":24,"minecraft:oak_door":4,"minecraft:torch":223,"minecraft:dirt":136,"minecraft:cobblestone_wall":34,"minecraft:carrot":4,"minecraft:granite":92,"minecraft:wooden_axe":9,"minecraft:furnace":5,"minecraft:oak_sapling":10,"minecraft:cooked_cod":3,"minecraft:egg":3,"minecraft:wheat_seeds":24,"minecraft:cooked_mutton":8,"minecraft:water_bucket":50,"minecraft:diorite":70,"minecraft:cobblestone_stairs":229,"minecraft:stone_pickaxe":6641,"minecraft:wooden_pickaxe":118,"minecraft:sandstone":4,"minecraft:cobblestone_slab":26,"minecraft:crafting_table":12,"minecraft:white_bed":7,"minecraft:smoker":1,"minecraft:apple":1,"minecraft:string":2,"minecraft:iron_pickaxe":749,"minecraft:gravel":22,"minecraft:stone_axe":94,"minecraft:fishing_rod":10,"minecraft:wooden_sword":18,"minecraft:cobblestone":1184,"minecraft:bucket":51,"minecraft:andesite":144,"minecraft:bone_meal":7},"minecraft:crafted":{"minecraft:wooden_sword":1,"minecraft:oak_door":6,"minecraft:oak_planks":260,"minecraft:cobblestone_slab":18,"minecraft:stone_shovel":4,"minecraft:oak_sign":9,"minecraft:fishing_rod":1,"minecraft:furnace":1,"minecraft:cobblestone_stairs":152,"minecraft:bone_meal":15,"minecraft:cooked_mutton":8,"minecraft:iron_boots":1,"minecraft:ladder":3,"minecraft:stone_pickaxe":53,"minecraft:cobblestone_wall":30,"minecraft:chest":12,"minecraft:stone_hoe":1,"minecraft:cooked_cod":3,"minecraft:crafting_table":1,"minecraft:wooden_pickaxe":2,"minecraft:iron_helmet":1,"minecraft:iron_sword":2,"minecraft:cooked_salmon":1,"minecraft:bucket":1,"minecraft:stone_axe":1,"minecraft:air":0,"minecraft:iron_chestplate":1,"minecraft:shield":1,"minecraft:white_dye":8,"minecraft:stick":168,"minecraft:iron_ingot":38,"minecraft:iron_pickaxe":2,"minecraft:wooden_axe":1,"minecraft:stone_sword":1,"minecraft:iron_leggings":1,"minecraft:white_bed":1,"minecraft:torch":124},"minecraft:dropped":{"minecraft:granite":14,"minecraft:dirt":4,"minecraft:diorite":4,"minecraft:torch":1,"minecraft:wooden_axe":2,"minecraft:wooden_sword":2,"minecraft:gravel":1,"minecraft:rotten_flesh":1,"minecraft:gunpowder":2,"minecraft:sandstone":19},"minecraft:broken":{"minecraft:stone_sword":1,"minecraft:wooden_pickaxe":2,"minecraft:stone_pickaxe":50,"minecraft:iron_sword":1,"minecraft:iron_pickaxe":3,"minecraft:stone_shovel":3},"minecraft:picked_up":{"minecraft:wooden_axe":1,"minecraft:crafting_table":13,"minecraft:wheat":7,"minecraft:ladder":6,"minecraft:string":31,"minecraft:wooden_sword":1,"minecraft:pufferfish":1,"minecraft:oak_sign":3,"minecraft:bucket":1,"minecraft:oak_boat":1,"minecraft:cobblestone_slab":70,"minecraft:iron_pickaxe":3,"minecraft:chest":6,"minecraft:sugar_cane":128,"minecraft:birch_sapling":3,"minecraft:egg":7,"minecraft:furnace":5,"minecraft:stick":56,"minecraft:sandstone":253,"minecraft:oak_door":3,"minecraft:torch":272,"minecraft:white_dye":8,"minecraft:stone_button":2,"minecraft:diorite":539,"minecraft:carrot":2,"minecraft:redstone":1,"minecraft:arrow":38,"minecraft:stone_sword":2,"minecraft:cactus":7,"minecraft:rotten_flesh":51,"minecraft:music_disc_ward":1,"minecraft:mutton":9,"minecraft:cod":4,"minecraft:white_wool":7,"minecraft:cobblestone":7249,"minecraft:birch_log":39,"minecraft:salmon":1,"minecraft:andesite":600,"minecraft:leather":1,"minecraft:smoker":1,"minecraft:flint":50,"minecraft:oak_log":107,"minecraft:cobblestone_wall":17,"minecraft:gunpowder":13,"minecraft:cobblestone_stairs":82,"minecraft:dirt":540,"minecraft:cooked_mutton":10,"minecraft:bone":23,"minecraft:apple":2,"minecraft:bow":3,"minecraft:wheat_seeds":24,"minecraft:iron_ingot":5,"minecraft:stone_pickaxe":3,"minecraft:iron_ore":171,"minecraft:oak_planks":74,"minecraft:dandelion":1,"minecraft:gravel":574,"minecraft:sand":87,"minecraft:white_bed":7,"minecraft:spider_eye":8,"minecraft:stone_axe":2,"minecraft:granite":456,"minecraft:bone_meal":14,"minecraft:gray_wool":3,"minecraft:oak_sapling":32,"minecraft:black_wool":3,"minecraft:coal":1027,"minecraft:ender_pearl":2},"minecraft:mined":{"minecraft:white_bed":7,"minecraft:oak_sapling":1,"minecraft:cobblestone_stairs":77,"minecraft:ladder":3,"minecraft:granite":287,"minecraft:stone_button":1,"minecraft:grass_block":27,"minecraft:redstone_wire":1,"minecraft:oak_wall_sign":3,"minecraft:sandstone":91,"minecraft:furnace":4,"minecraft:iron_ore":98,"minecraft:andesite":342,"minecraft:cobblestone_slab":24,"minecraft:stone":5445,"minecraft:crafting_table":13,"minecraft:torch":53,"minecraft:chest":6,"minecraft:cobblestone":228,"minecraft:diorite":326,"minecraft:wall_torch":60,"minecraft:cactus":6,"minecraft:cobblestone_wall":11,"minecraft:birch_log":13,"minecraft:wheat":7,"minecraft:birch_leaves":1,"minecraft:grass":20,"minecraft:oak_log":69,"minecraft:coal_ore":541,"minecraft:gravel":278,"minecraft:sand":29,"minecraft:dirt":255,"minecraft:oak_leaves":83},"minecraft:custom":{"minecraft:mob_kills":102,"minecraft:inspect_hopper":1,"minecraft:interact_with_crafting_table":118,"minecraft:leave_game":9,"minecraft:time_since_death":416772,"minecraft:climb_one_cm":842,"minecraft:sprint_one_cm":13162,"minecraft:walk_one_cm":4398973,"minecraft:damage_blocked_by_shield":1600,"minecraft:drop":12,"minecraft:talked_to_villager":1,"minecraft:deaths":4,"minecraft:sneak_time":4017,"minecraft:walk_under_water_one_cm":17047,"minecraft:jump":2315,"minecraft:walk_on_water_one_cm":22553,"minecraft:interact_with_furnace":26,"minecraft:play_one_minute":784633,"minecraft:interact_with_stonecutter":1,"minecraft:sleep_in_bed":4,"minecraft:time_since_rest":278363,"minecraft:damage_taken":2190,"minecraft:damage_dealt":19796,"minecraft:fly_one_cm":8736,"minecraft:open_chest":244,"minecraft:crouch_one_cm":10432,"minecraft:interact_with_smoker":2,"minecraft:fish_caught":6,"minecraft:fall_one_cm":9929}},"DataVersion":1976}